commit,files_amount
153ce6196ec34839f04e46f1949ec52bc5a910e7,10
4225808c1539b61bed26311775591fc02c7d6fbd,10
757d9a90ccc7a9f26955f1799bf3c6a4f382f106,10
f4ce98e87c48b7d9aafde984e448549804374e12,10
cea2e7a9850c998c555fff80f393c2ec9db13df4,10
068218004e6dbf5a2d57be6f1b698f73b7a1f072,10
50a1c7fcbbc26c8082a291aa522611a3c2717e7c,12
1637eb11a35109cbaf92965ffeaceb8596e67c41,12
0ce9cfbb41a0e464d9926f99bdd4deac35f4d69e,12
fe68d80bb68f341d9af30352c36751d8c97d9af6,12
e8080f6b2c33af1dfe9f09909f041300789e968f,13
d8d21bb68b0219c2e8706efbf75c443edeb3e051,13
8fbeeaccf18620ed37dd3061cd6ba175e144c01a,13
2effbafddf8d7cb74a9f03589f619e30149ec850,13
cc4f97b9b9d1dd8ecc7fc6534847bab4a6b01d6d,13
33d1f8bfb16404013f3ffb6262ccfff4afd49e60,13
239ee9033f88bd582eec57d5db05b4625997a7bd,13
00448562c9ec43d9bd7f2fcbcc2bcbd13ce2334a,13
673f868d4ec361eca65dfcb4115ae7cea4ad291e,14
28f0cb15bd87637b6a56ceffa50f73a4039d6b5f,14
be5853f553cc5c3ebf96672a350651467ef0436a,14
d5a004f4237aa292b579b0d40a7fa59cc51b6131,14
0eb801874d3ca39b4fdb3073934662fa625af433,14
9aaa478e1da4b21bb07162813fdbec6c5df1bb13,14
6e667490d5681f0f8dfd4490411ee70a1c23e19f,14
e024b6bfdf3906ec881341d7c7dbbf7c0f4a9bf7,14
872a983d6ebd8d10136ebb927453a5c10370cc0f,14
6e37e3cb9198957e9e2f13e9ba608e5690149b15,14
6e15596adcc9d7ac204098dc488c839515b44c2d,14
1fccdf6a9fa4d94fb007b70b7a8b14cb1d40c2f0,14
d1b5a96bd71252cf1bd889b88afc4bdb70a2e3c4,14
ecd703ace59cccfb5b2f77ae694d71a6fae452af,14
02151692e7a7731e64fb0239c2f23fb366c1dbf3,14
b9f0520421ba5dccd5f3820f46b14ac1dbc49644,14
34a696dbd76d0e0b8197d604fd97d32a3d709eb3,14
d6433a10487ffcc7936fd01523f24ecbf8683edc,14
79a89e090c368d30e5fa67e6280e1a8303ccccee,14
597add1f481fc54704217e07a967f55b15fe3a8f,14
9cb706c1e9d28c61abeb8818f7555f2099062dc6,14
629fbd24782ec438a7d3608c7426a8cde4ffab1f,14
0f8c659b43b14df48f40ac60d1edf3f5052d6f51,14
69f94204a23dff2d2648ebbd2288cefbfb342270,14
27e09b7ef32643442bcee9cca055ed2e6997f713,14
86b120dda3a3c99fe92dd1a1ecd23d649ff5b9a7,14
d56531427ca1738e604ce82932c5471acfe4eed0,14
dfd059be76537658ce80806b75cc59e72d943327,14
d42407ee0abecd1904775e305d37e266a89d4715,14
b1d6ab2c4a4a56cdebe81196d7dd750de8180db2,14
3b5d5c84726dbb6c77214ebdf76e8a54fbe9bd3c,14
0d23282661d7f2dae9ce24744759f7c98a6d3720,14
d1963c218053d56d9a0750d934d36525f55f2025,14
e42cd461e1784916cf60207022f426d755271ebc,14
dd8a1120ba5ffb7a80ad3e1e787558e97a999c7e,14
d78b69382bfe90150ab1f76c1bddc3b83402efe3,14
6a57b878181974775b3e5e3c0b08dad7a4a486af,14
4995bfe733fa211bfa2764c467688d3ce13f276e,14
d1da77a75de73e2c2d82af2937fa154dc66d1a11,14
6e62c8c3825d0f6c92673ff1429c57ef1c05843d,14
adb1cd2a49ab4645651eacd8ec84a8405602b800,14
6b25ef6b86b1f580cdfc5b678a8fbc0eb10b905d,16
2bb7a07e77576d3c35be5e0214470985462cff6a,16
a39399fd835c1dbd49f8400f2aee93927f1fa3c4,16
f10da493a24c822edf6f3e95d849f6f18e0eccc2,16
14ce2f9188c149f7f9c68997566efd143549c612,16
d65cec9753278ba12d864a6ac613aa45e4f01ac2,16
ff7df3a248fceb3c51fd01ab8059d23ef0911c24,16
8987d9d9e48e32dc4744e6a6c5a14d5e2dc6217f,16
387c4a99ebf8e10ec8554d582136ce2aa92b9185,16
b82ce0e7921563d41633574c2742f2a7e4c68040,16
0505273c156b3d6b5d5eaac8e85adeea2a72f953,16
c4431b2d1d7567dfe656720fdbf7c2681d3f25a9,16
f923e2d10f10ad59186c99b817457833a5e3de66,16
6186c96a0f4d74f10f306d700d7dbbfffa9bf3dd,16
09d280f06906cc8eb8e14a58bc642ea75146c919,16
b4137e6531f23d40ab639d979df41b313f265091,16
1935fabe563758bdf7ecc80aa92a7c54c62607f0,16
41881873cc3be142858080afe998475e925ff9c6,16
b3dd8a0b7c67663482b750032213f3a60375d021,16
9e9df3a2f27e3acb0edfef6c873050e6dafbfcbe,16
5faa035da087cccd9df66ffbfec90805527175df,16
d942957428fe78c1d68dfef9b7b4e32ae7b0faff,16
b07c468e5844df83891b011945c153f5a695f1e3,16
bd3d0598be2c005963666dc05c6717cadfe61afb,16
33304923f5ffa702c5d57209c5f801d5b83fa6b4,16
0ba05d43d9ac43c9f773369f10d721e8c2bc5f53,16
59ab27787d2ea885e72d6b6734b7bb5230737c2f,16
bf2b22fffc1cd714eacf1b1c5afda88d6ba31a5f,16
1cba0dcca4ac4fd8ee52e8a2a67543e2042599f6,16
b3807b8dfd0b19e66cca94601be98372ec8047c8,16
6f58c723e2844460c227a67009679a542c7199d8,16
b46050e5f9784a354dd1830828ecc91200b1030c,16
f15a62c9cef2bfbad1978e822fba11889dc49ff4,16
6263970b73bc3b4c3f3f4fa1ce36de6b71a79c97,16
ffc8f1def09048357c559a20d2355abfe29da476,16
e46ce3c148b4487a08b7385662549d0fbb9b72c3,17
c6337c63c75002f918c3c01a09b76a9e90ac8d42,17
f747e35dd1ba8a862d290722f6f52d259c9413a5,17
da4baf3cb34da7df46ee696c61dfc34ba7629c77,17
fb76eb17544a99589b527bdebae8dfdea3e01075,17
2b204ce2640495b2a16b8db4700c9bfd46354534,17
cf75dfde49160d1b5b71db282a6694c9713c1a18,17
db94ba59dd2043a5c50ff456f0545ce63e0b491a,17
fedf997a7ea0ffdabf9b4490326cb8168c646f35,17
6fc4b73cd687cc4f1a9801c6f408b3802f13e31a,17
6a97119feea8184c38ce9a429e5b9dfa91099425,17
fac69fc522f978458e7bf00f84595ce78c9d9f61,17
e235d5fcecdf2dc82f04a72fed3cc7b1a7313096,17
fa8b79386c797ea226b0c2c8f1194f1dd87d49a0,17
79f22d338f708335d00f0552d688697124708fd3,17
32173cc7e6caddf047e715b22f9b2eb58b2f8132,17
fd9165889acecfdf5220f68818836497fb67f8ba,17
4833c3f11337f1b65020957d00923950929a6732,17
debc81d4eb68466fca02f47e11e727bfb0da409d,17
0a4b32f6e80c416608ddd70ee8699d1963176354,17
10a112bbd026de042af1ba5c1af8fb1e88461853,17
4ef605ccea249e6ac78e97eae90ef605a40b5218,17
1b719683e6607c19bbd898b48939deffef868b66,17
b8df11ff682df71a087471ffda3b1d6da7f5b761,17
93d41b82e9cd4b6f702cc181adc497cd08584c24,17
ae894e82f95dd5872a3661b8847e864b47ecc0d0,17
618e8a69b4c2c1c1313e49dd4a133c05902cede4,16
bfef680ed9cdd7890ae37370229cf3a0ef7c427d,16
a21bd4dedd8a2159cd3930ce05b4fbe9de3ee53b,16
273e7bc29dbb2378b06e53c395c7f6faaf25154c,16
db9038a6d43c7b720ed89eb5cd6641842f587f7b,16
58a8ae8a37129430853218aa428471ea3dc412f1,16
33ecfacd954a7f816235eaf395cdb20a37a8f8b5,16
d8eb9813bfb435396ecdf1c58998f9b07fad5117,16
794416eb598df6bc604cdbb0542d217c6252e630,16
120449e29cf3e0c498f9973f8ec761e22cedb18b,16
eeadaeee98f4b669508a8cd774d304167d8fd1ef,16
d72cf45afe924279b9b421dcd296d5f45dce4e70,16
852e8c422a0096065fa9c406fcc41a9ee908fb2f,16
4fa5ad3f5ea9120b43d462ae7f024900923c430e,16
bb7ed746187a1d3155520c921ddde5bbaa9a61cd,16
4723fdd2ea8d3daaca63ef56508dced63a0869a2,16
1a7de642a7cf22e460c002bc8ee75095e11d942a,16
8bb0204ea29ed63342ba1d34a39d6c6984d35371,16
3d8d1f5f972d8488466df5e3aff44254e6bc3b78,16
11fa0f9baabea02e17ba789bccd462665ea3a9bc,16
be5f2832e201267effd5f4fb16f6d28a75783454,16
a5b1efbf6385bd2b6b6b05e40923c6dd38818a61,16
0ceb63f137d2fa42127fc1ca625ff423aa5853df,16
8e4be76528dd799a2c5ee473bd58efdb4813c257,16
a66cb0948a9a9eb70cbacdf892ab30eee8f875d2,16
16bf2da213a3e1fd4c5119cb5d988be6b208dd1a,16
215b57982865427763ccf687ac0eb322f95d8072,16
bdc3bf50732680ce5ceb6ee196d7486b21b4febe,16
eb363de78e939ac870955f0daf9ff3c1f508364e,16
1973c12853627fac5fcdf6e9856e9c0fe36c5a91,16
88c030d1d5723fdcbfdd728fbbb3bd3522145564,16
cf715feee63e2a0f3c054d8bf06c33991fece5e8,16
c2a60dd1fe80b3123cfad5783cc71a713b307db9,16
15f9f077a266ae7a717b740b7a55f0a189c67634,16
612be4d2e781e1581f4f0d01dbc5d61337b606aa,16
b7ba268fc6469918013e08a690c4e26fbcfd113c,16
3e6e882600153649980130d37de6944e559229f4,16
9a0d33320600e0dc904da7f1dc590908f497787d,16
46166bf6d0291c1576231175e719604dd6700518,16
ebae4643ec6f7db40f6d5bf1f77e6fd54e735cdb,16
fda4d4330095ef63b09a3450c15b3d84d0f2039b,16
cfe4b28817e0f552dea55f3ae3480bb1090a03ff,16
2b922145769f40b0e2378fb4d12f1f932059a19a,16
d290f18691812ada697556b9372d947d767d6bd2,16
081935095edc520c06e56e0fca9addb7aab4d112,16
62d4aeba580c50612b6d1899ce113e4223b3f3d6,16
9834cce8a3217d44c95a5ca72fcef358f216d74a,16
0c37337b6f041af74a431588ed607b8c8698dcc4,16
2241cbfb11ed2abeb3732bed3d1a97f84510cd7d,16
0d2b79a3abe8d50ad3515acc126652cdaf9b1427,16
01fb13e836cd6fc2b28f6d7e448c15346e3c23ee,16
8ae9a4489a0849d06d159efd2428a9adb4213fc4,16
425883bc825efd04818a3eb827a7916a3cea4b2e,16
a3d965bf18bc3319e62b77fc4889b2d20ab42026,16
285086d59e899fcdabb289d18660d654aad57e5f,16
4bf3101cf5ed57d84544357bc08b98669f428d46,16
5d993e4bf4194fd7c3785c1aa046479feb86370e,15
38072833dd3e8a267d703d2c9670b24373261bb1,15
859767fb6ca45101eee2c48f9c54661ce3deb0cf,15
a878d59d5dc6e60bb395b55904bfb4491963ce89,15
af10f06cccec88f2c904b1095d327ab9a79483fb,15
707a9cf782622c395040de4a3a9eb663d025cb0b,15
c6093230afe4d37f82aecab6499b8aeeccc8cb10,15
5a560024fa42796d13799f4b27bd692d3866b68c,16
1ddd2a029a7f8c073b920b51c0c7f91e3d7b6cc2,16
0e67ddccd73818278f7674880961f2ef9d08e065,16
7573e3d27cd62c1b797dd285312971d641203108,15
dfe03a8e37335fdb501370916ad6f99829882e41,15
4244c778081c8fea7056c72e01d5bcaa8324b3b7,15
30d42123a61fcf5cab8bbbf316fd05073e5ee7f5,15
5ce9e30d5870d0c34b5136f2469ad3b57d2e0e25,15
33305e87280547d0995f8f1c5c5e78618f99a98a,15
e6471d989221e55fbc88d45a421f75fe94de89c4,15
87e9cae4b6e8d23d6b3772711d787b9c88d16143,15
a4f3aee1ce88b64665560ab5ae58a7c281d501d7,15
70115f727b32be428954fc28d9667f7dadfbf919,17
6b1df734db9d157bd8b17cd205e1d547dd1bf652,18
487ac6c83f60f0fb99e7dd448d5ccf959c9be553,18
2ad32fdfb18d3869c88392c7c0caf1cde5302a15,18
240fd4a3882ed2c394fbf7778961afe9d20640ec,18
f9185e1e80922a209d4fdd61ee51a845d49a8b92,18
66cf4568d88b4f0233611aa50894e1a6a9698897,18
8025c60867092ca8af514376c769de33b40a5a79,18
7a194909702c4fa629ff1772f1f69db79ffe027b,18
a32a9f59ab3999aee7513041892b4ca76dc16fcd,18
eaae95491a57dc068f89889740af4af902d0d01c,18
201913fe6e5378a0d9d81622932e7f41ac24d539,20
a1d12b47ae22566346a02d4b88e1ed826cae2af8,20
8f2d846d7a7dfcd790f7d86be8bec7d146607f9e,20
d89b8b1bc6642a29f5ad18f56a88382a47786481,20
b5ad018ef0678c61f0de81dc82ea520b508f45a6,20
2336605a9802c595e1d85121b6d4d6cb5e09ac2f,20
5c11bf6c157d77c50c649d5fce7a61d2af8225db,20
d89fafee343a3ee549bdc8fb41f118478f1891ec,20
702378726d9b9ad0aa3477310a7f1a6ad790d768,20
b86991d99aa786aa42bc28afc381b20c908a9b8e,20
8c78a42723a6ff1856e403233386bf41805bf4ba,20
d7e2ce4f3e3215e07f8ac54218ece71c80196afb,20
23352cfc19775f7c7243cf9d8b44309350131526,20
6e5651a85d829bed82d1608b67fea87491ee5550,20
953912de56be6c011585f93807d2bd0fbc4dffaf,21
0f8880e56a5cbb3b13f0b7104d053654c772ef6a,23
178607ecfe590220f21540cd790b4742df92fa9e,23
dfdb6b4982fd5ce53c93eb8e2689db93ec32692b,23
a8768a263c3bb83e61560cf3fad9648a362360dc,23
d4171adc836bbf08cf9a9b049199e978c031966f,23
3dd110ce3c120c6dd8e547b65f04fb0edcaaf56b,23
af8e95edfcc16afd94cce33240daa9d9f84bf04f,23
880d592091d5582adc2fda0bdb56c76e3b7457c3,23
12089ee3e91d82254dde19dd97fdd7325fc56a71,23
97461050d4cb185522459cad474e82cd7ecf9757,23
fe174c05c371c7f46a5933a292dbbd4bbcfbdbf6,23
987efac2c12e1c15831fb22d4a3962e55da84240,23
ab1ad7bef7b61d8ba8a33b4e26606d55a1acf2e0,23
797a056b65f1dcd60aceeb3230a8a0aaac36c2d6,23
09e29b838353cbd487ad352ca78f924d7601621b,23
176ad5d235d661e2a94969b33ed36fb79f137b9f,23
7f8d2affbbe25ba3ac2f4129cc9f41d45ee4560e,23
ac923393f74bc3b4f5e6bf9cc1221dd5bc1b3e9e,23
624d3f24f68d8cc650af9d4f893da3182b05c624,23
6d2b5a3ecfa10d8cdf61b33ac16d31092feb2092,23
43bcc33b42b1f35fe71ab3ac5f1dfa20b67a61d3,23
f1482ff069fb833cf56b1f4d443dc6b23f4de091,23
17d2acbd1e44c32e8e8bee05f5f37a3b0e24285e,23
f332ad467b431e4ee3110326fa12cc460b641d96,23
4b5329ab35a484fd375214f05ad1a55618aa0b3d,23
9185d41da30ff1071a8ff4da1dc1ccc158d5827a,23
7645fd00eedbad700a89d03e18dd2aa397c3d743,23
72d930f95f02645120282d80fbb6ae7d013f11a4,23
b99ffaeec329b544b7a5d8001daa35100851b1b4,23
f67e06ac1da5a782bfe988339c00d3be141cc3f1,23
cc316b07468bb6590299f5692007ca7c579e6f47,23
e04a9ab631774959127d43448a1e6fa1f9f60073,23
909158a9c76a1a5084399e55f410968e93773065,23
4d3881c03057c28462419404bff877462698728d,23
0b83def0b96554a835b459121e0a74de2d629b8c,23
bf3b87518d84fc845b75e74de51f94a8800f14d0,23
88dd7bf362f00ba31a4e543ea985ee9f8b55ae57,23
a283a48a22e302b3ec264792114da40ad1e855db,23
526fa6afb9ea771f846b895ae0aee361876f2bdb,23
65a58ee1f771bbb44c531489b86a6671068fd56b,23
f2dfa2a244db059b3a37183ea73b2aea417858ba,23
8921542e0b358b33fa35ebae0107a7a7b2f8c684,23
016178e5fec749058e0e15cadd14edb817289947,23
12fa2380b9b508d5c16fbd032d9f31f26eff9578,23
c92d7f8d2bb97a444b242902b6e36e89de2e04d9,23
b9736422072c70c4efd9e545475f696886a14743,23
9e55b0418c171d329962c2b7707dfa0934e6f682,23
a718d32a5d694eb177eed4f4777f94039e747786,23
25110e12b8323a0d1d8f45b81ebf0dbd4d740818,23
c6e54e4bed8da8cc2ae0eeb87f1ed733b6221644,23
f862d5b31197842c7b4daae5bf908fc5cf3c2619,23
72b025a7251a7c0ed37d14ddfe711d642ad20e28,23
5fdde13273663125c273d4130ff50ca5d1d7744f,23
f933afdd358c2debba4b8a56a57080774ce3864a,23
24947c3f811400f0c34508927c25295297ebff9e,23
0059df7fe4fc61c29bf0c0fbe9b3302c3b85ffca,23
a2e6f064681039c65b0afc563a39c668bab689ff,23
407afdcb034db841b25823a4aa312c005b3edf4d,23
2318555e87b1798e322feaab36265a6e20d637be,23
c9d7933d0e5eec01e05d7b7dac1519001424a2a9,23
b1fdcfc9b2ab7961bf2ce7ab4008bfcec1c73a88,23
fad5bf248e194383ea76fe6594b617c6fc46de60,23
4eecabf8f5ff36f9860ddfd77aa401711bd57cbf,23
94f1637781e7a3b3b5d7c717ca52e27126a438ec,23
53023d3b0c596b5a4ed4a6a8dff422572c172903,23
3cc7b7104e093a0604814f903c80776e6ee3bf10,23
72cd6f65ed0638bbfec2bff356a534ec972c4101,23
effdda3657f71fd6efc3465dc661b375d1bacc3e,23
9b5d1ac5b47a82507bc364102a5b303ffb7e7713,23
17be7db1c663d8069308c6b78fa5c5f9d71134a3,23
33c6b01f5cb1e4f29a83b320c33ec488850332d9,23
c08fc620af82ee672cbc4b9686daea0ded4f17f7,23
6fa55812a5fcfcfa325ad4d9a4d0ca4033c38cab,23
d336f92cfb29087bc8376b3f41111f34ebcf5622,23
4cf56726b67c927ac11d4fc5ffba6f9d0ddaea86,23
20862ecf4d057bd286960b4d1542b0f0de3ff925,23
543ac205a77e826528b2ad6823853f91597ae9da,23
0c0ac5a8ab578e6582b4e1a67eef676685279ee6,23
6fd7de01e3807e65edbcab52591828d93adea539,23
870d6fddb75090eb177290b1db4e255d2c31075e,23
9cc575f50dddbb6360d7498677f4eaa06a8e7ce6,23
99266917e42a9aaa79a84b6ea3ec911f5b557dac,23
62a54deef3775cbb6d4c04eab4b2f718e8dfc0a6,23
44330065999621834b08de1edf3b962f6bbd74c6,23
aaf92a67d60795372cc7cac0ed6436c3ba3e9024,23
ee334f3a2ba86054237868fb48bbafadf2802eeb,23
461af5dc9b5dda7a308e894a96b6e045d65dcd1d,23
4c341627d2d85fe7fcb3159c45b1ea0ce83e8751,23
82044f2c0cdf86414f3543b09608d449c67798e9,23
d202a80ff54b16f7a611522720c9df03715e40f9,23
1f38996d0da1618e4eaf28919259eba2525afa39,23
29ad8577ac9cb2c358ab36169d5930b13da79ac6,23
1d3ce60a4155088e584c93cbe821d07fb7df3c21,23
c04b8bc19befdbc73f78bbe5abe7f052c35b6cc4,23
902c1af07203759e46e2708f79be5a9d5bcca443,23
74117ce69c2ed0f405579ebe91f48c9ac1c6065c,23
7f3b742bcaaffe9c2a84ee9550494d6438a96449,23
b75818d4cadbfb993f8a32a3320cdb2482e26dae,23
b280b98e0c661d5d8effe2e9626e51978dab33ce,23
bd0fdb5ffb7cfb5a17c472d4aa7bddf0e4326953,23
a6f3b3f2cc6c962a852d2bf7505b35cb2e8cea17,23
cab99f7cbbf37f2de044ea8da9d9c89be5151d09,23
618d6052c81f49965a4dd0e3ad36d45667bfa3d9,23
ee01dab323bebf53dffca3218c089c85a4e380ec,23
bbe8741d50240c995c8c78d5a96d1e532c8b0e88,23
65a5aa543014dee8e25982ff8317accb54d485d7,23
5ddd187e35978a17a94103c9cd2a77f22ad3e5a0,23
